PPN;SYS
036341541;000728171
036341460;000693771
060747714;000463910
82095036X;000019536
059227516;000153213
059337486;000192153
042607108;000794641
05924755X;000157841
168624222;001732651
059841818;000309856
041475372;000343010
086600648;001780237
066571618;001761344
062933973;000737143
059281855;000170783
180808311;001805054
059050799;000084267
059036850;000079149
089302028;001843393
049712489;000737497
143044117;001804320
82261569X;000081440
058892451;000010455
06003257X;000364968
047250178;000016805
062933159;000736966
864329202;000277171
036086533;000939741
094904952;000161105
060736666;000451665
180143433;001799233
125621647;000721622
185676324;001852904
173529410;001767680
062932292;000736814
043445365;000023609
821405101;000531882
036068225;000806388
038321289;000036083
037188518;000013860
801512409;000571877
164430687;001704616
03606467X;000815426
820306614;000169003
110486935;001479543
169860639;001740137
854118772;000929128
043552617;000652575
088948684;001687069
03671710X;000738013
046025413;000941115
06098936X;000521543
037981331;000983565
830645454;000862518
056401205;001487527
058875530;000001408
163888752;000543012
840349998;000883923
055088244;001705816
139336419;000303430
102350515;001496817
043291783;001739504
089355954;001090921
181022184;001807827
181045109;001808084
084762209;000976903
063311259;000851925
039950581;001848382
820904961;001833227
059265892;000163272
038113880;001737790
822385899;000974553
843281359;000974556
051154145;000939838
05081558X;000071329
821825755;001448627
036345903;000728163
146957210;001613890
063259044;000841003
159599393;001671800
036327948;001793073
048221864;000014357
063277743;000846048
13717991X;001800455
180484834;001801671
121693945;000988141
052339580;001447430
112659683;001413596
048740594;001393540
042622913;001364164
038256606;001349611
114178763;001449987
047566833;001387925
087719908;001260959
089840631;001277045
043433243;000010484
059521104;000217395
138906041;001805283
267973136;001810119
064189031;001020017
084760931;001450524
057426333;000123260
04813368X;001765885
86433625X;000010210
060752831;000465399
150998937;001670459
098424874;000966279
184535417;001840635
059700327;000262194
060056681;000373292
079410995;001805284
185399835;001853508
180459090;001801397
164079580;001701507
060878118;000493435
802917658;000518695
063185172;000823909
048460435;001727831
83035672X;000238863
865688982;001644297
159850037;000993182
063259028;000840999
067214401;001844355
06331665X;000853543
164315225;001703330
864222475;000049780
045853215;000529854
058647023;000974796
088225151;001468858
833328778;001496605
062687905;000686090
040871096;001354421
85312065X;001500416
051827050;001472795
037349708;001289383
047791594;001496649
051000792;001354475
185970923;001855071
083877274;001827594
181929031;001816426
121260631;001699227
098258656;001793568
120968819;001499553
12191089X;001507699
113504632;001431859
036442836;001277121
085850853;001239624
049544225;001333634
040879100;001354416
048079634;001392944
053566602;001468823
041547101;001367502
089833104;001276965
120201348;001494169
843999373;000061677
165417242;001706126
043724140;001646276
041200721;001427803
113996691;001447424
059996986;000358295
17692681X;001793680
113888287;001446400
865664978;000826819
176592563;001792273
041182650;001641281
094086141;001792708
105380172;001355941
088683257;001267898
180807803;001805042
180809059;001805072
180809210;001805074
180805916;001805002
089813669;001276672
782554350;000001966
065794443;001852901
842329021;001470139
102589275;001347859
095085262;001299654
052334783;001489205
862226805;001451197
096036729;001305231
106595326;001358332
113635966;001433796
085838071;001239391
094316554;001492342
104047674;001349502
21688523X;001291755
264777662;002072622
831663421;001318251
042926866;001394735
115487832;001485254
097283258;001314353
865290377;000686832
865134634;
115349391;001449448
089418999;001272391
087114046;001317087
040989917;000680111
043299830;001370477
865359210;001359092
094925852;001298077
138875707;001828693
153312688;001641342
039749002;001485246
062694197;000687332
843848944;001369609
85173121X;001342642
05678323X;001431005
043368131;001372021
036508683;001262791
853557160;001305824
04091898X;001369675
037496034;000678658
043346472;001231371
860293955;001360337
842316981;001498418
095483209;001303037
047617101;001361510
850959578;001394445
087357151;001257520
12088111X;001501262
114996806;001464362
105055581;001452585
101310005;001339367
832305367;001322174
089820991;001292109
036004219;001257149
78210312X;001395573
111744016;001397598
860055221;001360511
088052621;001264344
121329194;001486141
046341129;001378740
051579456;001465887
065443713;001176760
09945503X;001380518
119020475;001484823
055241700;001497961
171984919;001467922
053028848;001249121
852699980;001430198
142699349;001268485
041567455;001360409
04086376X;001357495
04317602X;001413552
11136468X;001395373
045606218;001243303
084292520;001228720
810040948;001386327
842417273;001393547
05814286X;001503597
053563433;001473322
053318315;001465598
863066348;001239564
854167986;001461533
048634697;001398837
863591612;001302812
853134340;001302966
063893606;000931932
119086441;001485533
037098462;001313077
037098462;001313077
037098462;001313077
037098462;001313077
101089481;001332821
051573962;001431218
051573962;001431218
051573962;001431218
051573962;001431218
100946550;001336570
088014428;001263700
833044532;001462273
11987573X;001491722
036917524;001347193
100696007;001394431
185368859;001370325
185368859;001370325
185368859;001370325
185368859;001370325
185368859;001370325
185368859;001370325
185368859;001370325
185368859;001370325
185368859;001370325
064242447;001035502
091692970;001289146
061176982;001382021
048360171;000873250
052019748;001272772
114751498;001461873
051794136;001445487
180844415;001389449
110345606;001386496
089768493;001503093
120752204;001500761
863397956;001340954
85174513X;001370516
065335155;001133452
062960687;000799876
037971441;001322229
086436473;001247085
841870691;001476777
11946568X;001487520
119786516;001490462
120708140;001499999
043080952;001380255
121846792;001507233
096545968;001307521
840835744;001252932
852668112;001464904
113933843;001447036
115180303;001466942
851736009;001480647
049096419;001414016
843352728;001495218
833295195;001529859
062688081;000686116
114139504;001449310
11414303X;001449385
117304344;001476775
116916869;001474559
058613951;001500985
056699697;000677081
053093453;000678563
050830082;001068998
095482903;001299480
11537714X;001468550
126251150;001530450
052802485;001453545
085479799;001236228
061866598;000628861
091453631;000392167
063235846;000835019
097901636;000848656
046351531;001336571
10713392X;001462033
084481579;001471283
17517119X;001782214
821831798;000229635
059838000;000308406
863223621;000548650
059426977;000222622
097069795;000292724
059342226;000194062
059251956;000158995
047019549;000864608
123197996;001348462
047423498;001376216
047720301;000671668
05637870X;001487356
864250649;001242798
058296239;000671670
059835117;000307446
061269379;000308893
05147316X;000308523
059838698;000308524
059191988;000145339
059257016;000160187
062932403;000736831
853439044;001485216
111354080;001395248
05388504X;000662941
850967791;000238499
059253800;000159558
03706441X;001686101
820321567;001638696
063273977;000845097
843898755;001369586
843898755;001369586
843898755;001369586
843898755;001369586
865226164;001473336
121885534;001507380
067045774;001336520
062980521;000805442
064160114;001011318
191028711;001871229
183195043;001830284
083942548;001641163
865140464;000797691
864108087;001231211
078362857;001358207
100557813;001332677
05081382X;001313374
084840617;001232512
107905612;001365713
840234155;001314439
840234155;001314439
840234155;001314439
840234155;001314439
840234155;001314439
840234155;001314439
840234155;001314439
840234155;001314439
840234155;001314439
840234155;001314439
840234155;001314439
840234155;001314439
840234155;001314439
840234155;001314439
840234155;001314439
840234155;001314439
863902669;001146549
037712896;001318912
11417766X;001449961
048521213;001251475
059245093;000157326
047596856;001446491
06407241X;000962410
062816209;000711657
11230883X;001405325
167768778;001725603
063608669;000889544
036999784;001310158
04860948X;001401077
060738308;000452202
266545734;001029945
037445901;000939841
864939396;000818180
102530947;001347304
102632251;001345223
10788898X;001367877
852129807;001363689
036404764;001281131
098259237;001322378
26654374X;001314918
055455875;001481123
850932963;001292954
11510772X;001466028
080176992;001218111
05204016X;001447032
05760164X;001494471
037098462;001313077
037098462;001313077
037098462;001313077
037098462;001313077
051573962;001431218
051573962;001431218
051573962;001431218
051573962;001431218
185368859;001370325
185368859;001370325
185368859;001370325
185368859;001370325
185368859;001370325
185368859;001370325
185368859;001370325
185368859;001370325
185368859;001370325
185368859;001370325
185368859;001370325
185368859;001370325
185368859;001370325
185368859;001370325
185368859;001370325
185368859;001370325
185368859;001370325
185368859;001370325
843898755;001369586
843898755;001369586
843898755;001369586
843898755;001369586
840234155;001314439
840234155;001314439
840234155;001314439
840234155;001314439
840234155;001314439
840234155;001314439
840234155;001314439
840234155;001314439
840234155;001314439
840234155;001314439
840234155;001314439
840234155;001314439
840234155;001314439
840234155;001314439
840234155;001314439
840234155;001314439
840234155;001314439
840234155;001314439
840234155;001314439
840234155;001314439
840234155;001314439
840234155;001314439
840234155;001314439
840234155;001314439
840234155;001314439
840234155;001314439
840234155;001314439
840234155;001314439
840234155;001314439
840234155;001314439
840234155;001314439
840234155;001314439
840234155;001314439
840234155;001314439
840234155;001314439
840234155;001314439
840234155;001314439
840234155;001314439
840234155;001314439
840234155;001314439
840234155;001314439
840234155;001314439
840234155;001314439
840234155;001314439
840234155;001314439
840234155;001314439
840234155;001314439
840234155;001314439
087125978;001254963
038166011;001324667
056815662;000685631
107386135;001363479
048896608;001362565
040249379;001296180
05630420X;001488968
094889856;001293952
120328658;001495769
048804428;001408669
112381316;001408410
842825959;001391984
138932891;001566145
094679207;001467686
86489595X;001255856
057148333;001427166
843680121;001369600
097704806;001317965
109672704;001381317
141152427;001579794
051211467;001332011
112313612;001373441
852639260;001470582
056013337;001296193
094778922;001296195
056012365;001296208
040891658;001358465
120874970;001483884
055781373;001481231
114665850;001461597
037447785;001302183
865683034;001266854
120518988;001498693
096670398;001308068
852388268;001430740
099913313;001327322
099913313;001325262
057160716;001129717
108067912;001369649
086978330;001253202
053481658;001465886
078183960;001264291
086627740;001249595
851651615;001476886
047624841;001390524
862196469;001293441
096750405;001354596
267356757;001432528
048588636;001362442
079123767;001492005
080231276;001284920
094937354;001467684
10929999X;001378482
056040407;001293058
08837856X;001267201
043057543;001405642
043231616;001369514
040579026;001356262
862894697;001238479
036958301;001285827
120874997;001483885
056087837;001465637
107161311;001361641
062684132;000685309
062689673;000686425
054275598;001472757
088250725;001266834
05541480X;001430845
090974344;001283732
086627872;001249597
037306820;001303260
097327107;001314711
078931908;
055416985;001278405
096362103;001264482
084342412;001228851
093705875;001294064
056043430;000681348
86169077X;001264347
124227368;001499126
036232408;000936133
114170770;001449822
100945821;001336559
122358465;001508733
050156624;001433239
052001520;001434165
185368883;001370318
10735330X;001363091
864960646;001256002
078358620;001492340
056307128;001370326
111163587;001394226
056325495;001498048
06391008X;000936224
103891536;001349698
108067394;001367393
11236943X;001406180
101461763;001340537
113953488;001447313
038118777;001319238
865149828;001361681
86377024X;001241737
22599545X;001465244
093403887;001292364
056371349;001380341
047056371;001485147
056743718;001355444
041106709;001465192
105184276;001355231
056226160;001237817
85240297X;001236521
863722814;001307700
051826712;001472803
051615606;001292792
084900091;001233274
053449541;001465881
04842241X;001294969
050770276;001391742
096930632;001310170
079135692;001378476
840195079;001293299
11504082X;001465216
11991977X;001492450
040686698;001356717
267390157;001492436
106045024;001356835
100716733;001369574
053175085;001256027
097945269;001432591
036329479;001261125
850713269;001364946
861675657;001271735
864614942;001255382
106943731;001357699
087870908;001262040
048568570;001396110
852873476;001333286
040929396;001354191
117304018;001476767
064073203;000967632
037439146;000737451
863787894;001232011
863787894;001232011
863787894;001232011
863787894;001232011
085763535;001838605
085763535;001838605
085763535;001838605
085763535;001838605
085763535;001838605
085763535;001838605
085763535;001838605
085763535;001838605
085763535;001838605
084004797;001360407
084004797;001360407
084004797;001360407
084004797;001360407
084004797;001360407
084004797;001360407
084004797;001360407
084004797;001360407
084004797;001360407
084004797;001360407
084004797;001360407
084004797;001360407
084004797;001360407
084004797;001360407
084004797;001360407
084004797;001360407
830825363;001380083
830825363;001380083
830825363;001380083
830825363;001380083
097275891;001314231
86344248X;001249384
86344248X;001249384
86344248X;001249384
86344248X;001249384
148267688;000007983
148267688;000007983
148267688;000007983
148267688;000007983
058039023;001497019
822616394;001499379
83036949X;000805278
089349032;001271578
062688510;000686187
850099900;000548309
833262483;001449708
052888908;000800904
094775419;001296150
863625835;001296184
852476647;000684323
853388679;000158212
049657003;001431903
174191480;001774499
117292028;001850843
062924583;000735688
087227231;001256036
094825599;001296595
062508385;000670859
042627222;001632580
151424942;001633149
86435407X;001526805
790870002;000470853
851906923;001592023
86523907X;000308529
090814932;001281761
059834579;000307248
06424542X;001036404
852503768;001269006
842820434;001230264
106060007;001356995
093407734;001335744
843996943;
079581811;001496602
85074038X;001332550
047573376;000158210
059835281;000307495
059253576;000159459
063926768;000940556
059085991;001085278
059085991;000089971
059838639;000308836
059514132;000214007
15027601X;001813512
036704342;000156601
10948827X;001379568
086207393;001244685
046884165;001384426
117266248;001476371
175511969;001494530
048275646;000909203
036346667;001447164
087871114;001262041
036228656;001377969
051222957;000144277
063541378;000885309
059255811;000159985
086072803;001242613
860162311;001404525
85334681X;001466170
85334681X;001466170
85334681X;001466170
85334681X;001466170
104785209;001353619
101009925;001336975
830377808;001469291
863440916;001230614
03986927X;001343476
044057768;001435113
051687496;000873437
05309462X;000799764
061769878;000603133
059261277;000161872
060859032;000489694
062860143;000723791
863787894;001232011
863787894;001232011
863787894;001232011
863787894;001232011
085763535;001838605
085763535;001838605
085763535;001838605
085763535;001838605
085763535;001838605
085763535;001838605
085763535;001838605
085763535;001838605
085763535;001838605
085763535;001838605
085763535;001838605
085763535;001838605
085763535;001838605
085763535;001838605
085763535;001838605
085763535;001838605
085763535;001838605
085763535;001838605
084004797;001360407
084004797;001360407
084004797;001360407
084004797;001360407
084004797;001360407
084004797;001360407
084004797;001360407
084004797;001360407
084004797;001360407
084004797;001360407
084004797;001360407
084004797;001360407
084004797;001360407
084004797;001360407
084004797;001360407
084004797;001360407
084004797;001360407
084004797;001360407
084004797;001360407
084004797;001360407
084004797;001360407
084004797;001360407
084004797;001360407
084004797;001360407
084004797;001360407
084004797;001360407
084004797;001360407
084004797;001360407
084004797;001360407
084004797;001360407
084004797;001360407
084004797;001360407
084004797;001360407
084004797;001360407
084004797;001360407
084004797;001360407
084004797;001360407
084004797;001360407
084004797;001360407
084004797;001360407
084004797;001360407
084004797;001360407
084004797;001360407
084004797;001360407
084004797;001360407
084004797;001360407
084004797;001360407
084004797;001360407
86344248X;001249384
86344248X;001249384
86344248X;001249384
86344248X;001249384
830825363;001380083
830825363;001380083
830825363;001380083
830825363;001380083
148267688;000007983
148267688;000007983
148267688;000007983
148267688;000007983
85334681X;001466170
85334681X;001466170
85334681X;001466170
85334681X;001466170
170564177;001746354
048617326;001394752
119422425;001486771
11942228X;001486768
173563163;001768121
104217685;001759848
107505274;001361993
107013606;001361208
03649870X;001260233
267315147;001339525
109141903;001377947
053439236;001319088
036384518;001132012
126212872;001700644
176924280;001793632
119088207;001485587
850730929;000660840
10067495X;001646569
063160811;001646062
060021624;001779282
180806017;001805005
059463414;000237422
810310694;001744445
036812056;001847957
112274005;001404797
082977860;001344345
113691130;001433541
06293211X;000736794
05926246X;000162162
088252124;000985598
090545656;001843659
258702796;000737342
062771337;000701449
053478789;000723618
045875200;000999067
173310265;001766149
062932802;000736892
045076081;000964467
104091606;001496768
049737554;000682404
103788344;001349022
036301019;000723475
055218466;001766910
05901587X;000071334
861995562;000559903
156480018;000969908
062699180;000688447
114495726;001453844
056742827;001500397
046668330;001432334
055338747;001479470
080046738;001216968
047072814;001216773
053860063;000028591
062975889;000803945
037136666;000848149
045589550;000905540
180808842;001805070
851768156;000811985
864807686;000031474
03679404X;001307383
051214202;001008890
055338356;001479465
057341079;001382068
056939825;001299189
097827932;001319251
056822480;001356249
114136947;001449263
106427865;001357136
090601440;001280635
095016058;001395551
090034724;001449247
056163886;000674198
056751729;001089389
036636819;001283717
864213298;001235040
832865885;001485106
056754531;001490264
109466853;001378490
065229053;001120804
062491040;000666254
114179298;001450000
832851728;001264309
056695934;001326257
098074075;001342608
095050116;001354988
266780032;001049577
062682407;000684762
841022089;001367660
107294435;001362703
037963732;001322000
263628272;001268969
062691988;000686894
105197726;001355504
056156251;001358852
118530364;001480552
263427692;000887650
10895238X;001377157
05367572X;001467678
056310404;001369593
150586582;001629269
062399896;001283714
107161451;001361645
047600268;001495070
088168220;001490516
862078261;001352750
852375719;001257122
060977280;000517894
057532125;000517895
107826542;001367118
091300290;001555684
065051297;001069669
037113828;000520884
059342536;000194132
06404601X;000953828
09818413X;001477399
117314579;001476850
056889968;001490397
046733701;001244162
830407774;000817777
047014539;000693877
047656166;001338630
042925150;001633182
059438703;000229108
065002032;001056008
062287842;000965794
095083693;001299634
059070617;000017796
043986439;000156961
850122139;000804406
156750325;001657246
059067780;000016643
047669357;001532446
11885173X;001500751
11885173X;001483772
056012063;001296203
056012063;001296201
107995921;001368981
086119087;001239510
097315842;001314563
063921340;000939133
093396546;001291887
085600075;001237843
115131884;001466267
861291166;001482144
102069492;001342593
056920237;001324661
111181801;001394443
863478913;001249667
062647687;000676730
056990162;001132831
10262562X;001347567
094784736;001296244
097328669;001314718
067453058;001270147
05542158X;001319243
055944213;000857820
05941524X;000308266
843900083;001016207
061644668;000571225
061734853;000593901
118928244;001484466
055289312;001479206
861390326;001293271
86219430X;001237644
056041659;001298748
107533634;001364910
046812156;001482353
08053614X;001393544
059259000;000161026
119021269;001484839
853823421;001431867
045922012;001467291
065057902;001071780
054285240;000383639
045589348;000387997
84422491X;000321586
060935480;000510121
089597427;001687359
041521137;000694185
801186285;000590377
864655002;000845849
102572119;001532757
063366207;000863615
098194178;000586730
089739043;001741362
083175334;000965091
141776994;001810084
800366115;000691085
100823610;001335005
08004610X;001216953
114576610;001454283
114576610;001454283
114576610;001454283
114576610;001454283
114576610;001454283
114576610;001454283
114576610;001454283
114576610;001454283
114576610;001454283
802262554;001333973
097125296;001312342
057074585;001491860
241903823;001248211
045753784;001465509
062657836;000679241
055866972;001481151
107766922;001366967
864892853;001255842
241915368;001530280
241915368;001530277
119850885;001491557
063788977;000910684
113932677;001447027
842458255;001231328
240969340;001378148
118573268;001481163
044042515;000478994
059857846;000317018
065189272;001107956
266295533;000383623
114576610;001454283
114576610;001454283
114576610;001454283
114576610;001454283
114576610;001454283
114576610;001454283
114576610;001454283
114576610;001454283
114576610;001454283
114576610;001454283
114576610;001454283
114576610;001454283
114576610;001454283
114576610;001454283
114576610;001454283
114576610;001454283
114576610;001454283
114576610;001454283
123849098;001514409
082706476;001314673
055406726;000599495
042824680;001979562
063305232;000850023
062684965;000685462
07923609X;001228876
059953160;000340971
040489132;001399605
802493777;001816546
162988680;001693046
05639456X;001753662
267339143;000693475
267339143;000693475
267339143;000693475
267339143;000693475
04002993X;000684189
15735492X;001661093
052661628;000732802
042481252;001485008
171708261;000969904
171657578;001752817
861995384;000559901
852684347;001303684
853514321;001390090
042743818;001294207
036280852;001278819
063358506;000862193
044305532;000521586
062422332;000646105
830303669;000821227
037060201;001041645
063203928;000829023
142256439;001851222
84080444X;000545098
096809337;001309172
109592182;001380490
101907516;
081761430;001361196
078191513;001293279
055895212;001483630
053040066;001461599
089871510;001332013
089870778;001464257
267325509;001466058
170173615;001742994
17056214X;001746292
114746710;001461794
052253716;001465427
066118131;001663778
184854334;001843407
046104224;001754467
172116368;001755988
120469391;001497823
048742368;001404493
09658257X;001307855
064254550;001039262
067385192;001480582
037063049;001242717
055101429;001477574
045643636;001358454
040779432;001767195
051013258;001815996
172484065;001738330
176741828;001792957
086827855;000961681
036995711;000964389
054897742;000013787
146476344;001610859
063958619;000945891
037062646;001314112
063311267;000851926
861974948;000559219
053191684;000912727
114471037;001453412
163974500;001700650
153198028;001640908
036281549;001278826
851614302;001390483
180808389;001805057
180807897;001805045
097323535;001334201
832940461;001292393
180805649;001804998
056765215;001298348
094965129;001298449
110122151;001470866
863547761;001120095
056227256;001355774
099928302;001324798
240692799;001355738
861383389;001497423
040651401;001355619
098191942;001357625
104091983;001350875
057443696;001494552
056943709;001319138
084010835;001228418
117360651;001477305
053402162;001465206
04853966X;001362433
047584750;001390332
094308489;001294026
038253712;001253788
11450573X;001453987
117170291;001475222
061430943;001647582
114504296;001453964
155010603;001647795
117471097;001478131
120366533;001496644
153384913;001641568
153301996;001641312
15332483X;001641398
095927573;001304919
049758632;001432342
062687840;000686083
052006158;001278752
861980557;001308050
830355103;001368718
860295605;001360304
865812462;001470977
865349150;001432735
864458967;001296770
049066234;001401072
049542923;001401074
054100194;001473086
048640794;001399647
051682109;001486488
085483451;001236605
102977631;001348975
106903810;001359799
111555647;001396573
067191673;001675767
843998172;001367516
121519422;001504937
09191485X;001289395
051768968;001339811
864895577;001255850
036800910;001290161
088019128;001260278
119886316;001491897
115528113;001469997
118720686;001482698
047626666;001336194
050642464;001392827
087308142;001256792
097767468;001318705
048327123;001453555
091692717;001289143
111790476;001398136
111790476;001398136
111790476;001398136
111790476;001398136
861126165;001398113
065137493;001093126
094937877;001356261
057080038;001246524
04073384X;001340301
09370660X;001294071
85077201X;001275160
061818747;000615153
109982975;001383403
107013479;001361206
11092794X;001391763
114244626;001450274
040132153;000626323
089742613;001270095
056693702;001378438
097079146;001312098
047938412;001399360
112544312;001461793
111379415;001395553
10818398X;001368624
046346546;001384989
035975520;000679629
043313086;000681058
832851108;001262768
124611907;000161579
063798379;000913183
862299233;000802679
862299381;000843835
086195409;001244466
112328539;001405609
864697473;001374494
106973037;001360716
086685295;001250494
151623554;001216641
065866738;000975753
153447788;001641894
063779951;000908061
865640610;001384485
056797141;001490637
085756512;001451623
040872203;001354452
86426545X;001242616
087729431;001254032
170560139;001746222
062858106;000723423
120236893;001494809
105426504;001356202
056393598;001413973
097564001;001349905
052022811;001503867
118795724;001483356
119451964;001487304
863895042;001487590
04769873X;001361809
108428168;001372198
109134494;001377852
107186314;001361856
059254181;000159696
065189264;001107952
167731920;001725040
863203221;001361056
036208353;001264586
865587310;001253898
047097736;001574345
053896807;000145807
079995578;001216638
14837140X;001641571
045597715;001375130
054679540;001298522
043731848;001381963
107282909;001362533
114164827;001449735
059104783;000102506
13885954X;001565377
058980334;000059139
05344342X;000066202
053443586;000066200
053443942;000066205
801438403;001354840
11206762X;001400571
852185855;001229766
066159016;000085116
852588976;002664999
852588976;000688033
120460432;001496792
081815883;000970826
063273721;000845034
037027077;001310126
089563247;001274080
119883597;001491836
110810945;001391187
037882090;000679838
062659545;000679839
062659561;000679841
043470017;000679840
155221280;001648404
15522168X;001648410
046067663;001506429
113851774;001445631
865363668;001248839
10481537X;001353976
054605873;001353973
097310859;001314512
03694033X;001264570
094865809;001297130
053195825;001297024
094819009;001296527
08801312X;001263684
085753890;001238661
087872226;001262058
091414784;001285581
067246389;001358483
097602434;001317059
097677159;001317629
119820870;001464720
105438669;001356424
086244523;001245467
090665325;001281225
113308183;001430028
107703432;001366191
840780648;001249600
860170500;000801444
168421895;001768019
056749503;000585035
040016544;000491173
850069491;000585032
079589766;001832106
841729069;000005575
84359022X;001430618
841441235;001448497
11521450X;001467303
843411813;001355215
117172332;001475244
089509927;001273289
049731254;001433090
107377969;001396888
036520497;001272230
037421654;001060554
114779163;001272204
850409837;001480771
066555086;000977271
036949140;001819031
056937563;001684753
06565417X;001837514
047067675;001299664
107243474;001362334
087316544;001257066
093637713;001293301
093637888;001293305
079995675;001296664
10966616X;001381199
109640608;001380924
036065587;001291118
832365262;000024705
124277381;001517315
123180945;001510314
107756781;001510315
123181089;001510321
036466689;001281114
036466689;001281114
036466689;001281114
036466689;001281114
864104480;000011497
12108924X;001502851
110012992;001382014
173454135;001273018
801508746;001315023
044960913;000768344
149101880;001341168
089363299;001271807
089925084;001277883
115701710;001471511
86377136X;001497565
086093630;001243064
110524721;001316197
037023233;001309957
850771471;001276950
039948641;001335064
119436027;001487094
041810449;001368726
037059858;001285273
865146462;000063403
036056030;000063397
036065811;000063399
040019357;001344732
040019357;001344732
040019357;001344732
040019357;001344732
040019357;001344732
040019357;001344732
040019357;001344732
040019357;001344732
040019357;001344732
040019357;001344732
040019357;001344732
040019357;001344732
040019357;001344732
040019357;001344732
040019357;001344732
040019357;001344732
040019357;001344732
040019357;001344732
040019357;001344732
040019357;001344732
040019357;001344732
040019357;001344732
040019357;001344732
040019357;001344732
040019357;001344732
851697445;001255971
120929236;001501765
046107444;000026211
822524996;000216269
114155836;001449582
086400509;001246432
081383274;001246424
14575927X;001476152
197733972;001396459
112332277;001405672
087967251;001263042
11982423X;001491200
111054508;001393042
105378372;001355929
102436401;001347060
091481805;001288777
056215886;001485050
85272117X;001350045
114161089;001449670
053156145;001465631
851562701;000673509
093526768;001292859
107719894;001345087
101788088;001341060
155360701;001768410
265757495;001480364
049256203;001362363
186032668;000290427
159403758;001670593
058938443;000030935
059430419;000224564
840398352;000910637
865579865;000824859
098066706;001928135
864311257;000598663
082370443;001381147
042922445;001483261
113530064;001432300
862054044;001400455
852129939;001495381
043014577;001369043
141453370;001472312
037000357;001310192
047095156;001856126
047098295;000136284
036688770;001289481
244670110;001960649
244670978;001924537
185912532;001854351
047119837;001582481
202799395;001928141
065340701;001135614
204993202;001928778
062959581;000799597
244676356;001911426
058938427;000030933
062968882;000801907
047091029;001885079
244703000;001885081
244841322;001885082
244840938;001885083
062959638;000799603
180805258;001804991
06083739X;000481416
244848971;000566386
083875212;001281136
063682060;001452104
080672213;001433681
041677676;000988824
100704085;001333746
861807812;001262997
842381139;001362621
128123494;001360341
108083373;001369757
11385952X;001445829
115723498;000976448
154755796;001646912
065072731;001076430
120734052;001500442
084817208;001232222
086408267;001246589
110261909;001283917
049150502;001336200
047090723;001770911
059143738;000113499
059519649;000216643
153425725;001586375
040495817;001639634
853848025;001673569
056900554;000941164
267339143;000693475
267339143;000693475
267339143;000693475
267339143;000693475
111790476;001398136
111790476;001398136
111790476;001398136
111790476;001398136
036466689;001281114
036466689;001281114
036466689;001281114
036466689;001281114
040019357;001344732
040019357;001344732
040019357;001344732
040019357;001344732
040019357;001344732
040019357;001344732
040019357;001344732
040019357;001344732
040019357;001344732
040019357;001344732
040019357;001344732
040019357;001344732
040019357;001344732
040019357;001344732
040019357;001344732
040019357;001344732
040019357;001344732
040019357;001344732
040019357;001344732
040019357;001344732
040019357;001344732
040019357;001344732
040019357;001344732
040019357;001344732
040019357;001344732
040019357;001344732
040019357;001344732
040019357;001344732
040019357;001344732
040019357;001344732
040019357;001344732
040019357;001344732
040019357;001344732
040019357;001344732
040019357;001344732
040019357;001344732
040019357;001344732
040019357;001344732
040019357;001344732
040019357;001344732
040019357;001344732
040019357;001344732
040019357;001344732
040019357;001344732
040019357;001344732
040019357;001344732
040019357;001344732
040019357;001344732
040019357;001344732
040019357;001344732
040019357;001344732
040019357;001344732
040019357;001344732
040019357;001344732
040019357;001344732
040019357;001344732
040019357;001344732
040019357;001344732
040019357;001344732
040019357;001344732
040019357;001344732
040019357;001344732
040019357;001344732
040019357;001344732
040019357;001344732
040019357;001344732
040019357;001344732
040019357;001344732
040019357;001344732
040019357;001344732
040019357;001344732
040019357;001344732
040019357;001344732
040019357;001344732
040019357;001344732
040019357;001344732
040019357;001344732
040019357;001344732
040019357;001344732
040019357;001344732
040019357;001344732
040019357;001344732
040019357;001344732
040019357;001344732
040019357;001344732
040019357;001344732
040019357;001344732
040019357;001344732
040019357;001344732
040019357;001344732
040019357;001344732
040019357;001344732
040019357;001344732
040019357;001344732
040019357;001344732
040019357;001344732
040019357;001344732
040019357;001344732
040019357;001344732
040019357;001344732
175447020;001784918
842288988;001485586
119787008;001508732
800348133;000468460
044412010;001374101
04591091X;001473067
091017327;001284197
865134804;001384993
102370338;001473324
245890629;000308511
84026366X;000866722
041678613;001786594
062934392;000737204
040801055;001479216
052163830;000721575
160786460;001692903
160786460;001692903
160786460;001692903
160786460;001692903
160786460;001692903
160786460;001692903
160786460;001692903
160786460;001692903
160786460;001692903
036823694;001308064
153665017;001642948
153665017;001642948
153665017;001642948
153665017;001642948
037801651;001318929
181775514;001815262
181775514;001815262
181775514;001815262
181775514;001815262
083541373;001702568
083541373;001702568
083541373;001702568
083541373;001702568
037658050;001315836
801514711;001315815
038301547;001324984
088049566;001263287
790877279;001232889
043791573;001373371
800347412;001361727
853608644;001292825
108842614;001376070
041748522;001368714
051439050;001251073
092953174;001290741
080183670;001353584
080183670;001269246
120460378;001496800
122358473;001494890
04634294X;001491757
172014697;001754862
046238190;001381310
096518812;001307318
037041959;001265909
047525320;000681945
113800665;001445275
862181534;001232873
064160165;001011358
140817816;001577789
83208672X;001560859
097901725;000852266
080046533;001216961
080046657;001216964
111065259;001393193
118525735;001480508
111063159;001393158
052173828;000841680
156141094;001653462
049424351;001471628
120238977;001494842
049736094;001431930
041452445;001294382
049198106;001428800
089883152;001277452
046819452;001483883
852422083;001498056
04709530X;001216778
841385688;000590635
173571050;001768218
036454427;001277048
047234571;001432744
036609528;001306379
051654253;001336055
864250983;001242716
852127022;001322340
083880437;001207287
106561634;001358056
863607454;001367990
852611870;001372039
049658492;001431929
852289472;001476842
119342014;001485382
093609159;001293061
105218421;001355729
03798344X;001501248
053342941;001242670
113856075;001445737
091531128;001445390
863710298;000008468
089873025;001699140
085878022;001240123
100955363;000687259
152075569;001634972
037180711;001322054
853184666;001469499
064200728;001023856
057453926;000102169
055937624;000688832
850834643;001295634
043189946;001228257
059810718;000297184
059826843;000304606
047156929;000481671
040491846;000585018
056998198;000827505
056998198;000827506
165541873;001707661
183079302;001828507
049417185;000941207
037399578;001165432
165922249;001711391
084761318;001692058
037711547;001800140
140619445;001816333
058087079;001498716
140108459;000975925
056793324;001349588
086824546;001251466
086824864;001251995
086825038;001251999
085361259;001235952
086826409;001252014
036429694;001252001
241363357;001964013
115842349;001473386
037039334;001265669
037039687;001265683
216268427;000737336
062935348;000737393
06293242X;000736833
184854083;001844237
831373415;000736823
831372907;000737335
167004115;001719673
062932357;000736824
045519900;001453850
06384320X;001392054
05715595X;001361657
831467592;001251058
060803258;001494434
124687431;001499501
860131890;001468654
860134954;001468672
830918892;000851222
84180267X;001431585
830272135;000805281
067033407;001463798
113452055;001431299
107198010;001360660
047249285;000016615
241443946;002002842
12087797X;001501173
120878003;001501175
113128983;001427875
125116993;001493905
113450796;001492649
099946009;001327837
057972540;001495131
088366804;001267074
087802740;001261527
059519657;000216644
061596604;000556888
052216195;001062323
05973034X;000274056
182877159;001839122
059797339;000290386
060205989;000389937
058315853;001883971
107654008;001365575
065409299;001165133
036090190;000795157
038212099;000216677
048773344;000656229
089670108;000795315
043704239;001893529
062834363;000716700
062834320;000716695
163176191;001586366
062933892;000737128
045755892;001027543
063181924;000823189
041534638;000263464
063878852;000927592
047075333;001754841
065107764;001086036
065409280;001165131
142249556;001850686
047097809;001336709
060820586;000475475
841190445;000178850
04282706X;000011416
036123625;000154080
257661263;001876018
089761197;001675530
085771104;000113467
085771104;000113467
085771104;000113467
085771104;000113467
085771104;000113467
085771104;000113467
085771104;000113467
085771104;000113467
085771104;000113467
120387964;001497016
111895987;001399325
084337605;001228788
109746295;001381737
241503957;001390369
850795664;001292503
107183331;001361839
092945392;001290586
084400943;001229226
097409162;001315186
120402084;001494787
241616417;002003641
045639973;001377772
097406082;001315136
052936732;001453647
115451544;001449064
086178695;001371040
041276795;001367273
107947153;001368759
058087370;001498408
079440762;001451263
111205174;001394709
244673349;001876721
801187818;000144863
065409272;001165129
113161581;000103471
041531159;000476966
036148474;001586377
039820564;000566381
059730331;000274055
186655673;000145485
186655673;000281884
186655673;000281884
186655673;000145485
186655673;000281884
186655673;000145485
037054457;001076299
040496716;001589229
047068752;000927590
04711665X;000290400
061929808;000644240
111787548;000182492
046278338;000290401
036070599;000799871
049553062;001884947
06519635X;001110086
036155772;001393668
154798606;001646913
244675139;001930030
044176104;000550412
044176104;000550412
044176104;000550412
044176104;000550412
044176104;000550412
044176104;000550412
044176104;000550412
044176104;000550412
044176104;000550412
089370546;001499124
084858842;001834064
115072802;001683403
169859207;001740113
244030030;001925539
047193034;001827834
185900267;001854210
047902302;001843089
176746528;001834069
087513579;001849571
047938498;001856875
162738862;001846010
080151027;000989588
080151027;000989588
080151027;000989588
080151027;000989588
105132969;001354470
850869161;001431214
850869161;001431214
850869161;001431214
850869161;001431214
842088490;001428554
040937232;001354437
174077513;001774140
040966399;000964812
861966635;001739922
06152834X;000538923
177267372;001797511
177267089;001797504
177267585;001797516
226073599;001374770
087176424;001255363
263084744;002060529
043231292;001369512
105429716;001356253
850696798;001045397
04564036X;001298634
097802638;001318935
117276251;001476629
110893042;001391336
04120705X;001367908
090602994;001499412
114391580;001452095
089400526;001272196
048487708;001329619
066637570;000737392
052467104;001277972
052467104;001277972
052467104;001277972
052467104;001277972
036813710;001306405
088154580;001428360
114151148;001449514
099639890;001325057
099639890;001325057
099639890;001325057
099639890;001325057
094849404;001296768
06522518X;001119299
862848245;001393620
037311891;001325784
044386230;000974786
049061860;001401081
11414429X;001449401
115290818;001342922
062715755;001378049
86364421X;001401073
036663824;001287761
790421615;000764401
043286550;001428815
099248387;001323349
119778904;001475932
102034737;001339679
120663988;001498689
115186670;001467036
115186670;001467036
115186670;001467036
115186670;001467036
061733598;000593574
062664913;000680731
116594985;002022954
044885512;001400387
056924607;001472432
86029479X;001360359
084742674;001231454
150971109;001500993
119852284;001491589
085831174;001239340
043161782;001413094
118681508;001230240
850660564;001373556
036160822;001277476
109125649;001377777
049406507;001239016
121849724;001507276
050478419;001368816
036402753;001310409
048542172;001371665
863583040;000680730
039753409;000680732
062934902;000737307
062924524;000735681
062933442;000737016
062924532;000735682
062931687;000736728
062927558;000736135
173426867;000736134
173426867;000736134
173426867;000736134
173426867;000736134
062933450;000737017
062924931;000735740
062933434;000737015
062933434;000737015
062933434;000737015
062933434;000737015
044809360;000985828
058277412;001787448
036275379;000719041
136154492;001872811
245973893;001931949
049656244;001431888
049737465;001431967
062934007;000737146
062932373;000736828
062931709;000736730
19774298X;001908304
062924486;000735676
062933388;000737008
832007471;000886643
036056189;001875924
053100298;001848185
061892882;000635518
248067249;001875934
248078089;001875980
248078429;001875983
248078860;001875984
248079123;001875985
24807928X;001875988
24807959X;001875989
189939737;001875991
248080059;001875992
248080202;001875993
248080415;001875997
248067788;001875937
24808075X;001875999
248068172;001875939
248068563;001875942
248074938;001875946
248075098;001875948
049884026;001875971
248076256;001875976
248077562;001875977
06266493X;000680734
062664948;000680735
160786460;001692903
160786460;001692903
160786460;001692903
160786460;001692903
160786460;001692903
160786460;001692903
160786460;001692903
160786460;001692903
160786460;001692903
160786460;001692903
160786460;001692903
160786460;001692903
160786460;001692903
160786460;001692903
160786460;001692903
160786460;001692903
160786460;001692903
160786460;001692903
153665017;001642948
153665017;001642948
153665017;001642948
153665017;001642948
181775514;001815262
181775514;001815262
181775514;001815262
181775514;001815262
083541373;001702568
083541373;001702568
083541373;001702568
083541373;001702568
085771104;000113467
085771104;000113467
085771104;000113467
085771104;000113467
085771104;000113467
085771104;000113467
085771104;000113467
085771104;000113467
085771104;000113467
085771104;000113467
085771104;000113467
085771104;000113467
085771104;000113467
085771104;000113467
085771104;000113467
085771104;000113467
085771104;000113467
085771104;000113467
186655673;000145485
186655673;000281884
186655673;000281884
186655673;000145485
186655673;000281884
186655673;000145485
186655673;000145485
186655673;000281884
186655673;000281884
186655673;000145485
186655673;000281884
186655673;000145485
044176104;000550412
044176104;000550412
044176104;000550412
044176104;000550412
044176104;000550412
044176104;000550412
044176104;000550412
044176104;000550412
044176104;000550412
850869161;001431214
850869161;001431214
850869161;001431214
850869161;001431214
080151027;000989588
080151027;000989588
080151027;000989588
080151027;000989588
099639890;001325057
099639890;001325057
099639890;001325057
099639890;001325057
052467104;001277972
052467104;001277972
052467104;001277972
052467104;001277972
115186670;001467036
115186670;001467036
115186670;001467036
115186670;001467036
173426867;000736134
173426867;000736134
173426867;000736134
173426867;000736134
062933434;000737015
062933434;000737015
062933434;000737015
062933434;000737015
059897694;000375849
188945660;000324902
851048722;001245685
113422822;001430852
114136084;001449249
176733914;001792856
185900844;001854227
036081396;000823938
041466373;000802918
041466373;000802918
833475959;001696963
16195121X;001685031
047588527;000595431
049730770;001837704
047020180;001703321
862136296;000077300
061573884;000550626
05995695X;000342690
17512244X;001781712
041555856;001489182
161387012;001681335
161387055;001681336
039751619;001750074
185518311;000968637
185971563;001855083
061551872;000546591
822363984;001784737
186009607;001855588
183705467;001836642
18355762X;001834907
065209273;001114136
833346776;001803634
057653801;000001815
15733466X;000002325
176565469;001791900
17657249X;001791993
059953829;000341318
110031938;000984730
063148609;000818564
15746086X;001695133
088146812;001679965
864319681;000063322
112082149;001836246
112082319;001836257
060766417;000470359
146380126;000214274
852502257;001701777
05546520X;001844524
102421390;001310702
057950725;001830733
040612066;001804289
184915015;001845243
058937285;000030406
175171246;001782215
177250283;000973905
040925404;000904551
041041313;000531088
84015321X;000964535
058884629;000007023
156482819;001356441
108429032;001372210
055418325;001374820
053401808;001465236
053039343;001461546
037430335;001704558
176746064;001793024
036168092;001792994
036168211;001793027
043600891;001028098
043600891;001028098
043600891;001028098
043600891;001028098
043600891;001028098
043600891;001028098
043600891;001028098
043600891;001028098
043600891;001028098
168481162;001731659
263644995;000016412
865347344;001253562
865347344;001254477
037495631;001303193
851206867;001408545
185972268;001855097
109505670;001377411
086594133;001248856
266817815;001426621
062509497;000671111
062509543;000671119
06251296X;000671942
062623702;000674260
062648101;000676799
863523145;001269368
037309242;000686800
100248063;001329618
123690498;001494581
056783965;001489987
098182242;001321739
114138966;001449296
101444486;001340299
064267482;001043191
108746437;001375280
04741927X;001299192
056303025;001369575
038120011;001448895
038120011;001332497
055447848;001375800
11210343X;001401131
050989278;001319082
852683979;001352023
050804332;000158526
833449141;001735963
833449141;001735963
833449141;001735963
833449141;001735963
107135787;001361475
056012187;001296199
050248669;001249445
145546799;001267183
056328400;001053581
117798576;001479399
100606415;001332999
860705439;001322036
108179877;001370649
86204748X;000667327
062684957;000685461
108356574;001372106
064984982;001051663
087742683;001261359
087742683;001261359
087742683;001261359
087742683;001261359
043465684;001430950
107509504;001361935
064137457;001003003
124504493;001519176
093972245;001293701
860294005;000663169
114987114;001464187
107135825;001361476
092784003;001290180
114990883;001464247
840475632;001249303
106564641;001358086
064158454;001010741
166221252;001228417
093681321;001290229
185368956;001370321
088987213;001269175
107175940;001361796
120881055;001501258
106839446;001359349
062671375;000682021
044808380;001451632
056700717;001297557
064981975;001050736
865058369;001253504
059301201;000180739
063780984;000908377
064082962;000991960
120372711;001496774
111590574;001396433
115041370;001465233
078183413;001369570
095109781;001299992
843562080;001378503
120649357;001499397
086187074;001244260
114127042;001449104
084690569;001231111
138973407;001563440
140817395;001577782
170159051;001742762
086454714;001247445
066594170;001727834
181662299;000965129
138267502;001728042
119851326;001491570
059944390;000337858
063486350;001256837
038257017;001468627
134240332;001542023
06293600X;000737499
181087847;001808603
092451373;001642489
046816496;001296172
851132014;000488377
111214815;001394862
059983841;000353032
062335448;001378712
174858256;001780006
037098381;000521953
822361353;000974280
059308729;000183571
063873575;000926256
115344071;001468122
110922662;001643112
124039286;001499127
093258216;001291738
118590626;001468361
843679271;001369564
052997464;001445347
09728551X;001314385
063046105;000817022
865333246;000816901
063776596;000907283
046106596;001642517
055606059;001481041
089195760;
83307220X;001253345
037072056;001315900
058031669;001726740
062796429;000705666
124588336;000886700
102000425;000584947
057169314;000163297
038058588;001109947
043040934;000737304
185519687;001850649
036478628;000854602
036281344;001278856
098576232;001452549
114257167;001450534
117242713;001476020
079173578;001643493
113849036;001445542
177260076;001376717
097320471;001314619
107215608;001362063
053105605;001461609
852661754;001398094
086857983;001252302
039908488;001764777
266304672;000724301
113429991;001430933
864936915;000678124
058998144;000065151
864336349;000065152
123181135;001510327
100947786;001510331
047621745;001330926
046067477;001510339
036163309;001510349
864264887;001510354
864267290;000682932
101311656;001338927
101311656;001338927
101311656;001338927
101311656;001338927
109774507;001381102
241610648;002003624
041043340;000458476
850754887;000531070
055452906;001481099
086142127;000682882
241603595;001503594
062656627;000678757
863953700;001231230
109280296;001378192
088165914;001265785
106960326;001360562
106960326;001360562
106960326;001360562
106960326;001360562
184598664;001374216
241507286;001482419
104773952;001353499
822670623;001372400
043467857;001925201
170126803;001811684
061635715;000568256
062652656;000677789
105198234;000677790
105198234;001472265
062652672;000677791
062652680;000677792
11584158X;001842380
125144385;001523736
043311741;000012891
051823551;001329351
100095291;001327633
100096271;001329359
100096581;001329366
099937190;001327672
100097723;001329381
100098134;001329390
099944405;001327809
244841780;001885387
087313588;001256917
087313774;001256923
08548265X;001236594
191294713;000290380
061628107;000566370
106059238;001356987
241187052;001356992
106062700;001357025
106062700;001357025
040084477;001357015
14938579X;001727015
174274106;001775412
213534460;001925507
244675910;001913479
059797401;000290413
059729562;000273713
059729589;000273716
244851298;000273717
244851492;000273715
059729554;000273711
059729570;000273714
244851573;001885040
059729546;000273710
14936430X;000101945
043591531;001952476
062856693;000723118
063234823;000834746
181587270;001812970
182323161;001819938
265596645;
106949810;001360428
100748740;001334417
119877783;001491758
112429297;001410857
097675091;001317597
241780578;001365081
042162343;001360737
114133069;001449210
046160515;001366785
09080449X;001281624
865042802;001314387
113644647;001433869
180508156;001802037
053432924;001025596
084693924;001837471
243913982;001942622
243954565;001942629
104762640;001850902
24400630X;001942652
83094155X;000025058
057720673;001366663
163668841;001698278
036612510;001041800
040693481;001808535
243916930;001942605
058919430;000025025
054696666;001698334
17297836X;001762572
160806615;001805405
052918998;000010231
26654696X;001367625
043154654;001369761
12073396X;001500439
058641823;001500418
036029319;000851112
04348803X;000699966
045538212;000509296
250129647;001938329
865219885;001938462
250132214;001938465
250132281;001938467
250132370;001938476
036943401;001938478
250132508;001938479
250145995;001939372
250146401;001939375
250146568;001939377
250146673;001939380
250130122;001938430
250146738;001939381
057648344;001939385
250146819;001939384
25014770X;001939387
250148471;001939394
043300332;001939389
250148560;001939396
250148692;001939399
250148935;001939402
250130521;001938431
043286712;001939403
250130726;001938432
057649510;001938435
057327254;001938444
25013201X;001938458
192794639;001498124
842627251;001230272
119728419;001489549
087019949;001433137
036403377;001461598
047593628;001428582
840322100;000801246
036567442;001287906
062927566;000736136
062933426;000737014
062932381;000736829
062924559;000735684
173421423;000736152
062932411;000736832
06292494X;000735741
173420885;000735677
173420885;000735677
173420885;000735677
173420885;000735677
173420885;000735677
173420885;000735677
173420885;000735677
173420885;000735677
173420885;000735677
173420885;000735677
173420885;000735677
173420885;000735677
173420885;000735677
173420885;000735677
173420885;000735677
173420885;000735677
173420885;000735677
173420885;000735677
173420885;000735677
173420885;000735677
173420885;000735677
173420885;000735677
173420885;000735677
173420885;000735677
173420885;000735677
062924540;000735683
062933418;000737012
087323648;001307328
851665314;001476838
851665314;001476837
241620716;001471392
114142238;001449365
241621925;001476815
045016178;000766477
117314129;001476841
241617901;001476991
24161838X;001476853
241618843;001476904
241619165;001476938
241619394;001476813
241619831;001476968
117314323;001476846
241275105;001455030
117317969;001476898
117317969;001476898
117317969;001476898
117317969;001476898
051665816;001335596
119913666;001492561
078298539;001344009
119879999;001491787
107681420;001330238
109805860;001382277
108245446;001371543
11387362X;001446102
045945004;001378620
841360375;001396029
050812637;001314372
850917379;001462075
114254869;001450490
85171949X;000562407
852872720;001317188
151326452;001319038
036605115;001379866
119243466;001469911
106952897;001358808
230278094;001272461
120239779;001494859
051952793;001945977
173482872;001315127
84426153X;001256010
231575963;000537602
198192894;001942632
158565673;001294744
158566726;001666482
158569199;001666501
200988735;001910540
200989375;001910546
150768605;001910551
244648921;002021201
832930989;000943731
161571727;001683106
166919284;001403947
197325424;001375615
058297324;000006030
156107546;000736826
082550247;001365584
041466373;000802918
041466373;000802918
105219460;001332126
043600891;001028098
043600891;001028098
043600891;001028098
043600891;001028098
043600891;001028098
043600891;001028098
043600891;001028098
043600891;001028098
043600891;001028098
043600891;001028098
043600891;001028098
043600891;001028098
043600891;001028098
043600891;001028098
043600891;001028098
043600891;001028098
043600891;001028098
043600891;001028098
044176104;000550412
044176104;000550412
044176104;000550412
044176104;000550412
044176104;000550412
044176104;000550412
044176104;000550412
044176104;000550412
044176104;000550412
087742683;001261359
087742683;001261359
087742683;001261359
087742683;001261359
106960326;001360562
106960326;001360562
106960326;001360562
106960326;001360562
106062700;001357025
106062700;001357025
833449141;001735963
833449141;001735963
833449141;001735963
833449141;001735963
173420885;000735677
173420885;000735677
173420885;000735677
173420885;000735677
173420885;000735677
173420885;000735677
173420885;000735677
173420885;000735677
173420885;000735677
173420885;000735677
173420885;000735677
173420885;000735677
173420885;000735677
173420885;000735677
173420885;000735677
173420885;000735677
173420885;000735677
173420885;000735677
173420885;000735677
173420885;000735677
173420885;000735677
173420885;000735677
173420885;000735677
173420885;000735677
173420885;000735677
173420885;000735677
173420885;000735677
173420885;000735677
173420885;000735677
173420885;000735677
173420885;000735677
173420885;000735677
173420885;000735677
173420885;000735677
173420885;000735677
173420885;000735677
173420885;000735677
173420885;000735677
173420885;000735677
173420885;000735677
173420885;000735677
173420885;000735677
173420885;000735677
173420885;000735677
173420885;000735677
173420885;000735677
173420885;000735677
173420885;000735677
173420885;000735677
173420885;000735677
173420885;000735677
173420885;000735677
173420885;000735677
173420885;000735677
173420885;000735677
173420885;000735677
173420885;000735677
173420885;000735677
173420885;000735677
173420885;000735677
173420885;000735677
173420885;000735677
173420885;000735677
173420885;000735677
173420885;000735677
173420885;000735677
173420885;000735677
173420885;000735677
173420885;000735677
173420885;000735677
173420885;000735677
173420885;000735677
173420885;000735677
173420885;000735677
173420885;000735677
173420885;000735677
173420885;000735677
173420885;000735677
173420885;000735677
173420885;000735677
173420885;000735677
173420885;000735677
173420885;000735677
173420885;000735677
173420885;000735677
173420885;000735677
173420885;000735677
173420885;000735677
173420885;000735677
173420885;000735677
173420885;000735677
173420885;000735677
173420885;000735677
173420885;000735677
173420885;000735677
173420885;000735677
173420885;000735677
173420885;000735677
173420885;000735677
173420885;000735677
117317969;001476898
117317969;001476898
117317969;001476898
117317969;001476898
101311656;001338927
101311656;001338927
101311656;001338927
101311656;001338927
063319829;000854620
099931060;001327575
097402397;001306831
86417618X;001205583
060064951;000376828
840802218;000013393
092862969;001669907
088032450;001264002
061606189;000559905
17160847X;001752630
162095864;001686795
057723567;001846693
05807788X;002962249
174387628;001777088
09820873X;000977630
059399643;000202131
865664781;000830881
172694574;001761139
065181298;001105351
843155817;001799607
053676637;001785396
053727436;001683788
169053539;001324302
059881208;000318580
047034696;001663438
039916049;001794443
048646156;001500573
058899162;000012851
064259617;001040734
064011720;000947588
063199904;000827814
062850970;000721576
061741116;000595819
062856650;000723111
831213477;001753638
865106568;000601773
154212660;001674294
063737744;001842423
062972014;000802648
059275308;000167511
063728826;000906877
036327840;001792849
088361810;001267001
036386332;000587714
175593922;001849318
063301644;000848987
864312296;000031475
060732407;000450382
865791694;000841675
089044657;001269383
089046498;001269351
062834347;000716697
047912081;000686185
051602334;001502702
110108671;001384506
05090616X;001318499
039813967;001332904
039813967;001332904
039813967;001332904
039813967;001332904
039813967;001332904
039813967;001332904
039813967;001332904
039813967;001332904
039813967;001332904
046658319;001380047
054186145;001472978
861442954;001268997
864660235;001358094
096873019;000228421
059438711;000229111
059437715;000228535
048541893;001428097
047030798;001473112
106060848;001357002
112328709;001405612
115040404;001465204
863442722;001249709
863697100;001394759
049541420;001360425
046723854;001481080
110012976;001382012
045949441;001401504
040930157;001354215
046045856;001375128
100634206;001480362
041585321;001489862
062504371;000669765
058640983;000659330
087497905;001259087
050839063;000077078
08343013X;000966071
047584629;001391476
118789465;001483277
084704810;001231248
833559168;000148583
10298705X;001097675
102186197;001730109
099939746;001327729
084393157;001229073
833398180;001256402
123565383;001501687
087965682;001781591
037399004;001090851
161782094;001775476
058938591;000030966
061929778;000644236
088241793;001266749
183972619;001839248
244846278;000495463
063878879;000927596
840325525;001392946
84022172X;001331226
241511089;001471597
046156828;001474432
036151408;001263831
036151408;001263831
036151408;001263831
036151408;001263831
047031212;001320495
054868319;001475945
84412415X;001369518
118571028;001481134
111165830;001394257
089742842;001270088
099933837;001327620
050773542;001311790
066219868;001429236
058938435;000030934
041603087;000030978
041603133;000030979
047096608;001884929
057426511;000384100
840316852;000227534
052223922;000161059
163899169;001590079
167706748;001724603
090907884;001282761
058834184;000541819
134837649;001547873
244008779;001942482
185208967;001846782
053343883;000472852
060813059;000472851
061537128;000541716
06153711X;000541715
05146263X;001908946
061537136;000541717
061537160;000541723
203267990;001856604
180444743;001917379
054335388;001152891
241191564;001328142
114641129;001455058
049029053;001413161
852397968;001461462
046106006;001447406
041747488;001368645
102993343;001349126
052450465;001489203
061502499;001232872
093649150;001293455
104807652;001412647
108587274;000963319
062756648;000697451
038281295;001758935
110568249;001759156
841360030;000805764
063236915;000835256
060894105;000497098
185288707;001847692
064199983;001023594
186037511;001855920
054070236;001909538
044390734;001703592
225947250;001496330
041653432;000725320
245572767;000736726
24558806X;000737461
24558806X;000737461
24558806X;000737461
24558806X;000737461
24558806X;000737461
24558806X;000737461
24558806X;000737461
24558806X;000737461
24558806X;000737461
062934090;000737155
062935801;000737462
062934201;000737170
06293581X;000737463
062934082;000737154
245597344;000737464
245597344;000737464
245597344;000737464
245597344;000737464
245597344;000737464
245597344;000737464
245597344;000737464
245597344;000737464
245597344;000737464
062924494;000735678
062935399;000737402
062935402;000737404
062935828;000737465
062935836;000737466
24559986X;000737467
245878505;001931207
062934074;000737153
062934104;000737156
06293578X;000737458
06293239X;000736830
062934252;000737176
245883770;000737013
245883770;000737013
245883770;000737013
245883770;000737013
062934112;000737157
062931717;000736731
062937510;000737845
062934198;000737169
062931695;000736729
245966471;001931259
062931652;000736723
062924508;000735679
062924516;000735680
062932365;000736827
062931660;000736724
062932918;000736924
258047674;001931310
06293421X;000737171
062925903;000735880
06293340X;000737011
062937502;000737843
245586466;000737844
245586466;000737844
245586466;000737844
245586466;000737844
062935798;000737459
24558742X;001931124
059897708;000324903
059897708;000324903
059897716;000324904
842607552;000324905
842607552;000324906
043199186;001849399
045343667;001856028
047003642;001850037
046271279;001855302
038103028;000011845
036065188;001196583
058649476;001728053
191087416;001872849
246144483;001872887
246145765;001872890
246146710;001872893
246148020;001872898
246148489;001872901
057085242;001872906
191087564;001872852
191087599;001872854
191087629;001872857
191087807;001872861
191088110;001872865
191088145;001872880
246141921;001872881
246143258;001872885
062652605;000677782
062652613;000677783
062652621;000677784
06265263X;000677785
036151408;001263831
036151408;001263831
036151408;001263831
036151408;001263831
245586466;000737844
245586466;000737844
245586466;000737844
245586466;000737844
24558806X;000737461
24558806X;000737461
24558806X;000737461
24558806X;000737461
24558806X;000737461
24558806X;000737461
24558806X;000737461
24558806X;000737461
24558806X;000737461
245597344;000737464
245597344;000737464
245597344;000737464
245597344;000737464
245597344;000737464
245597344;000737464
245597344;000737464
245597344;000737464
245597344;000737464
245597344;000737464
245597344;000737464
245597344;000737464
245597344;000737464
245597344;000737464
245597344;000737464
245597344;000737464
245597344;000737464
245597344;000737464
059897708;000324903
059897708;000324903
24558806X;000737461
24558806X;000737461
24558806X;000737461
24558806X;000737461
24558806X;000737461
24558806X;000737461
24558806X;000737461
24558806X;000737461
24558806X;000737461
062936360;000737570
245883770;000737013
245883770;000737013
245883770;000737013
245883770;000737013
039813967;001332904
039813967;001332904
039813967;001332904
039813967;001332904
039813967;001332904
039813967;001332904
039813967;001332904
039813967;001332904
039813967;001332904
039813967;001332904
039813967;001332904
039813967;001332904
039813967;001332904
039813967;001332904
039813967;001332904
039813967;001332904
039813967;001332904
039813967;001332904
